activity,variant,activity_scaled,activity_binary
4.113575795,K156G,1,1
4.007974986,S173T,0.962481525,1
3.992321226,R71L,0.956919965,1
3.956338757,K156V,0.944135902,1
3.906552604,N142G,0.926447585,1
3.894924263,P73H,0.9223162,1
3.8886016,L176V,0.920069847,1
3.873968258,D17E,0.914870828,1
3.872970197,A108S,0.914516231,1
3.862983147,Y37N,0.910967973,1
3.855894392,A204V,0.908449438,1
3.854595952,S28C,0.907988121,1
3.850086412,Y37S,0.906385945,1
3.837582566,H229Y,0.901943505,1
3.836577271,E109Q,0.901586338,1
3.83452065,G187C,0.90085565,1
3.834304196,I126L,0.900778747,1
3.833949379,T201I,0.900652685,1
3.833021115,V161A,0.900322886,1
3.829603069,N162T,0.899108503,1
3.828661148,L42M,0.898773852,1
3.826631301,L40M,0.898052676,1
3.826377887,D232Y,0.897962641,1
3.823193545,G189V,0.896831289,1
3.821768733,N103Y,0.896325074,1
3.82079079,N103H,0.895977625,1
3.819684082,A204T,0.895584427,1
3.818969777,L135M,0.895330644,1
3.818887547,G2A,0.895301429,1
3.817294137,N103C,0.894735313,1
3.814518065,D115N,0.893749014,1
3.813327941,N103I,0.89332618,1
3.812832429,L176I,0.893150131,1
3.811639006,H23Q,0.892726125,1
3.809635662,I126A,0.892014365,1
3.809467936,Y235N,0.891954774,1
3.805820083,T41S,0.890658744,1
3.805781194,V148I,0.890644927,1
3.805104333,P73T,0.890404448,1
3.804269955,D127G,0.890108005,1
3.803737541,Y143L,0.889918846,1
3.802318964,V161E,0.889414846,1
3.800356721,R166H,0.888717689,1
3.79941499,G230A,0.888383105,1
3.798035418,I169S,0.887892962,1
3.797531191,R166G,0.887713818,1
3.793346556,L219V,0.886227076,1
3.793120307,Q202H,0.886146693,1
3.787350902,V222L,0.884096905,1
3.786689519,G230V,0.883861925,1
3.785910959,K124N,0.883585313,1
3.785738389,Y104F,0.883524002,1
3.785652086,V91F,0.883493339,1
3.785387322,E4R,0.883399273,1
3.785116372,H229P,0.883303008,1
3.782593018,I159V,0.882406496,1
3.78139022,M231R,0.881979159,1
3.780818995,F163C,0.881776211,1
3.780451565,M231I,0.881645668,1
3.78015119,K164M,0.881538949,1
3.779372345,L5R,0.881262236,1
3.777512004,V217I,0.880601283,1
3.775974326,K160T,0.880054968,1
3.774339498,I227M,0.879474137,1
3.774188661,D17H,0.879420547,1
3.773534174,I169T,0.879188017,1
3.771421774,I45V,0.878437511,1
3.771175493,N196D,0.878350011,1
3.770473465,I186L,0.87810059,1
3.769936271,Y37C,0.877909732,1
3.769841598,S28T,0.877876096,1
3.769816142,T223S,0.877867052,1
3.769717263,K99Q,0.877831922,1
3.769605027,N144T,0.877792046,1
3.769562074,T60S,0.877776786,1
3.768191779,Q175L,0.877289939,1
3.768189575,S200T,0.877289156,1
3.76801822,K156E,0.877228276,1
3.767583242,T61S,0.877073734,1
3.765954352,N210T,0.876495013,1
3.765806252,V66M,0.876442395,1
3.765772386,H79Y,0.876430363,1
3.765657856,I169L,0.876389672,1
3.765381767,I186V,0.876291582,1
3.763948506,F82Y,0.875782364,1
3.763789585,Y37H,0.875725902,1
3.762997188,T60A,0.875444374,1
3.76296241,I126F,0.875432018,1
3.762270594,I126T,0.875186226,1
3.761821375,T60P,0.875026625,1
3.761089352,E3R,0.874766547,1
3.760298544,H79L,0.874485584,1
3.759550786,I186A,0.874219916,1
3.759411124,N196S,0.874170296,1
3.758576621,G226R,0.873873809,1
3.758393373,K156R,0.873808704,1
3.757887387,D195A,0.873628934,1
3.757603099,R71C,0.873527931,1
3.756369698,D17N,0.873089721,1
3.756025625,T106S,0.872967476,1
3.755905722,S200C,0.872924877,1
3.755707267,L234P,0.872854368,1
3.754875582,K212E,0.872558882,1
3.754849463,P87L,0.872549603,1
3.754627002,N168T,0.872470565,1
3.754100803,Y235D,0.872283614,1
3.75375353,E109V,0.872160233,1
3.75345043,L193M,0.872052546,1
3.752664743,M151I,0.871773403,1
3.752504981,T36N,0.871716641,1
3.752407924,S28Y,0.871682158,1
3.752327721,D115A,0.871653663,1
3.752294553,V191G,0.871641879,1
3.752042748,S173G,0.871552417,1
3.751779691,G230D,0.871458956,1
3.751754178,I126M,0.871449892,1
3.751512721,L13V,0.871364105,1
3.751242491,T95I,0.871268097,1
3.7510042,G132C,0.871183435,1
3.750809583,R166C,0.87111429,1
3.750486786,K1Q,0.870999605,1
3.750467,E140D,0.870992576,1
3.750218324,K164Q,0.870904224,1
3.749956968,T57S,0.870811368,1
3.749814973,G230C,0.87076092,1
3.749717336,F44Y,0.870726231,1
3.748978622,L13R,0.870463776,1
3.748753736,L176F,0.870383877,1
3.748141836,S70C,0.870166478,1
3.747805979,L219Q,0.870047152,1
3.747427561,Y235C,0.869912706,1
3.747132961,D101E,0.869808039,1
3.746906834,I169N,0.869727699,1
3.746459271,E15K,0.869568686,1
3.745970679,M231A,0.869395096,1
3.74500077,E30K,0.869050501,1
3.744987648,K43T,0.869045839,1
3.744984552,D115G,0.869044739,1
3.744688098,Q182R,0.868939413,1
3.744429292,Q78R,0.868847463,1
3.744104119,E93Q,0.868731934,1
3.743188429,M151V,0.868406602,1
3.743010199,D178E,0.868343279,1
3.742628248,N196H,0.868207578,1
3.741886891,F97C,0.867944184,1
3.741534292,F221Y,0.867818911,1
3.741069399,K164E,0.867653741,1
3.741027467,V174M,0.867638843,1
3.741007126,S173C,0.867631616,1
3.740519939,A85S,0.867458525,1
3.740320174,L234Q,0.867387552,1
3.740030585,I126V,0.867284665,1
3.73981052,A152T,0.867206479,1
3.739763174,K164R,0.867189657,1
3.73943884,N119S,0.867074426,1
3.738993621,N168D,0.866916246,1
3.737682409,Y198F,0.866450391,1
3.737024753,E4K,0.866216735,1
3.735574167,T228S,0.865701362,1
3.735161794,S26R,0.865554852,1
3.735126654,S28A,0.865542367,1
3.734659311,F97S,0.865376327,1
3.73461549,S70G,0.865360758,1
3.734507937,E113V,0.865322546,1
3.734298304,H229Q,0.865248066,1
3.734019012,E122V,0.865148838,1
3.733625444,N157K,0.865009009,1
3.733281768,I169V,0.864886905,1
3.732865802,S203T,0.864739119,1
3.732822426,K164T,0.864723708,1
3.732749169,K24Q,0.864697681,1
3.732744657,S26T,0.864696077,1
3.732631857,K1R,0.864656001,1
3.73252232,K124Q,0.864617084,1
3.7323655,P185S,0.864561368,1
3.732327521,S26C,0.864547875,1
3.731866234,P185T,0.864383986,1
3.731767878,K154R,0.864349042,1
3.731734113,S173R,0.864337045,1
3.731583902,Y37F,0.864283678,1
3.731532829,G2S,0.864265532,1
3.731466945,K138R,0.864242124,1
3.731301806,M231T,0.864183453,1
3.731185584,L13Q,0.864142161,1
3.731162002,A225P,0.864133783,1
3.73106315,K156N,0.864098662,1
3.730216742,H229N,0.863797945,1
3.72910202,D171G,0.8634019,1
3.728848728,K160N,0.863311909,1
3.728560983,N103S,0.863209677,1
3.728152506,T41I,0.863064551,1
3.7280926,K77R,0.863043267,1
3.727954019,A225T,0.862994031,1
3.727628605,K105Q,0.862878416,1
3.727572211,E30V,0.86285838,1
3.72722296,Q78H,0.862734297,1
3.726683772,V14I,0.862542731,1
3.725895216,K164N,0.862262568,1
3.725579262,F6H,0.862150314,1
3.725418552,N157D,0.862093216,1
3.725149616,K156M,0.861997667,1
3.725029389,N144H,0.861954952,1
3.724826615,D127Y,0.861882909,1
3.724416215,H75Y,0.8617371,1
3.724357399,D74V,0.861716203,1
3.723927517,E4G,0.861563472,1
3.723553852,L192R,0.861430714,1
3.72326422,N162D,0.861327812,1
3.723204048,T41A,0.861306434,1
3.723179554,E122K,0.861297732,1
3.722780396,T36A,0.861155916,1
3.722138495,V174G,0.860927858,1
3.722113846,M231V,0.860919101,1
3.721377099,D188V,0.860657345,1
3.721068001,N210D,0.860547527,1
3.721050653,K212R,0.860541363,1
3.720951398,S145N,0.860506099,1
3.720631044,Y180F,0.860392282,1
3.720457265,H229R,0.860330541,1
3.719334201,D178N,0.859931532,1
3.719249193,H146N,0.85990133,1
3.71903816,H75N,0.859826353,1
3.718178592,T228P,0.85952096,1
3.71817107,N162Y,0.859518288,1
3.717799128,T36S,0.859386142,1
3.71760282,D195G,0.859316397,1
3.717530592,N142T,0.859290735,1
3.717211259,E170G,0.859177281,1
3.716974494,I126S,0.859093161,1
3.71635211,S200N,0.858872037,1
3.716289158,N168I,0.858849671,1
3.716277051,V91I,0.85884537,1
3.716070082,T228A,0.858771837,1
3.715938443,K111R,0.858725067,1
3.715646583,D34H,0.858621373,1
3.71560924,V191M,0.858608106,1
3.715520163,I165V,0.858576458,1
3.715510058,S145R,0.858572868,1
3.715410198,K160M,0.858537389,1
3.715381868,N162G,0.858527324,1
3.715346956,M86L,0.85851492,1
3.715139718,Y235H,0.858441291,1
3.715012279,P190L,0.858396014,1
3.714981124,Q202L,0.858384945,1
3.714767551,Y235F,0.858309066,1
3.714334492,D195N,0.858155206,1
3.714162987,G189C,0.858094273,1
3.714126567,H23R,0.858081333,1
3.714024654,K105R,0.858045125,1
3.712811184,K99E,0.857613996,1
3.712789413,I165S,0.857606261,1
3.712748347,T7A,0.857591671,1
3.712683353,K111G,0.85756858,1
3.712193454,K129R,0.857394525,1
3.711505963,E233G,0.85715027,1
3.711098479,G189S,0.857005496,1
3.710983372,L219R,0.8569646,1
3.710861727,N183I,0.856921382,1
3.710716981,A85T,0.856869955,1
3.709610162,D17V,0.856476718,1
3.709608577,E4V,0.856476155,1
3.709539676,Y180H,0.856451676,1
3.709495536,M151T,0.856435993,1
3.709424505,I186N,0.856410757,1
3.709422907,N210Y,0.856410189,1
3.70880652,N133Y,0.856191196,1
3.708624423,N144D,0.856126499,1
3.708571415,E88G,0.856107666,1
3.708478076,A108G,0.856074504,1
3.70838194,D74E,0.856040348,1
3.708335993,Y143C,0.856024024,1
3.708170443,V174E,0.855965206,1
3.708152167,N157S,0.855958713,1
3.707626099,M231L,0.855771809,1
3.707244274,K24N,0.855636152,1
3.706728606,K111T,0.855452942,1
3.706533893,I227T,0.855383763,1
3.706403727,R71S,0.855337517,1
3.70625078,T7S,0.855283177,1
3.706152512,G136R,0.855248264,1
3.706143398,D188G,0.855245026,1
3.706058611,N142A,0.855214902,1
3.705999099,E130A,0.855193759,1
3.705744621,M231K,0.855103346,1
3.705738016,Y143F,0.855101,1
3.705714444,D195V,0.855092625,1
3.705676595,F221V,0.855079177,1
3.705540045,Y180C,0.855030663,1
3.705021439,N142S,0.85484641,1
3.704880785,N103K,0.854796437,1
3.704229745,S84A,0.854565132,1
3.704086686,K39M,0.854514305,1
3.704004412,E130V,0.854485074,1
3.703633822,K154E,0.854353409,1
3.703524143,K129Q,0.854314442,1
3.703368701,N142D,0.854259215,1
3.703282501,L234R,0.85422859,1
3.702809117,S200R,0.854060403,1
3.702764485,G158D,0.854044546,1
3.702173397,E32V,0.853834541,1
3.702085736,T184A,0.853803396,1
3.701644839,E3K,0.853646752,1
3.701603457,D19N,0.853632049,1
3.700813282,G230S,0.853351311,1
3.70080971,N210K,0.853350042,1
3.700399657,E3G,0.853204356,1
3.700351346,K77Q,0.853187192,1
3.700145504,L176H,0.853114059,1
3.699843244,K160R,0.85300667,0
3.699580277,D115E,0.852913242,0
3.699070018,K50T,0.852731954,0
3.699042503,D232G,0.852722178,0
3.698115885,V110L,0.852392964,0
3.697324659,N168K,0.852111853,0
3.697141488,P209T,0.852046775,0
3.696847705,Q202R,0.851942398,0
3.696764749,N144S,0.851912925,0
3.696444953,F97Y,0.851799306,0
3.696424381,I227V,0.851791997,0
3.696311919,T223A,0.85175204,0
3.696047345,T95N,0.851658041,0
3.69588837,S206C,0.851601559,0
3.6953142,D171N,0.851397565,0
3.695265379,I150V,0.85138022,0
3.694795119,K50R,0.851213143,0
3.694704055,Q78L,0.851180789,0
3.694519588,V66A,0.851115251,0
3.694496651,K207T,0.851107101,0
3.694486159,V191A,0.851103374,0
3.694085348,G187S,0.850960971,0
3.69390404,E32A,0.850896555,0
3.693902802,F97L,0.850896115,0
3.693902746,G132S,0.850896095,0
3.693902744,G226W,0.850896095,0
3.693668145,L234V,0.850812745,0
3.692982749,T95A,0.850569233,0
3.692742094,E30D,0.850483732,0
3.692621441,A35T,0.850440866,0
3.69245927,Q155L,0.850383249,0
3.692312635,N144Y,0.850331151,0
3.692030719,T95S,0.850230991,0
3.691571315,K105A,0.850067771,0
3.691519768,D127A,0.850049457,0
3.691469952,A35V,0.850031758,0
3.691456629,P54S,0.850027024,0
3.69136526,D195E,0.849994562,0
3.691358575,V20I,0.849992187,0
3.691308119,A177V,0.849974261,0
3.691278187,Q182L,0.849963627,0
3.691096719,I227D,0.849899154,0
3.690786724,E3V,0.849789017,0
3.690715165,E170K,0.849763593,0
3.690676098,N144I,0.849749713,0
3.690246128,Y198C,0.849596951,0
3.689723547,N147H,0.849411285,0
3.689719893,E109K,0.849409987,0
3.689706568,E233V,0.849405253,0
3.689664237,P190S,0.849390213,0
3.689526454,V9A,0.849341261,0
3.688840706,D232H,0.849097624,0
3.688778417,E113K,0.849075494,0
3.688746845,K99T,0.849064277,0
3.688634763,D19V,0.849024455,0
3.688542188,A35G,0.848991565,0
3.688017042,G230R,0.848804988,0
3.687743847,L205M,0.848707925,0
3.687743551,E3A,0.84870782,0
3.687219463,T7I,0.848521619,0
3.686858261,T48S,0.848393289,0
3.686785088,K138M,0.848367292,0
3.686670191,I159L,0.848326471,0
3.686501603,A35P,0.848266574,0
3.686377147,I96V,0.848222356,0
3.68584989,F44L,0.848035029,0
3.685486571,K99R,0.847905947,0
3.685426194,K111N,0.847884496,0
3.685149554,N147D,0.84778621,0
3.685125234,K50M,0.847777569,0
3.685046289,E140A,0.847749521,0
3.683119574,V191L,0.847064987,0
3.682966882,Y143N,0.847010737,0
3.682666968,L192Q,0.846904182,0
3.682447134,D100G,0.846826078,0
3.682372247,N210S,0.846799472,0
3.681698039,K39R,0.846559935,0
3.681605811,K124R,0.846527168,0
3.680977116,V174A,0.846303802,0
3.680908534,T36P,0.846279435,0
3.680825342,Q78P,0.846249878,0
3.680432737,P190H,0.846110391,0
3.679833071,Q155H,0.845897339,0
3.679591531,H79Q,0.845811523,0
3.679437863,Q155R,0.845756927,0
3.679355016,G172D,0.845727492,0
3.679307339,N183S,0.845710553,0
3.679198637,Y149N,0.845671933,0
3.679188955,A225D,0.845668493,0
3.678755727,G158R,0.845514573,0
3.678646986,K160E,0.845475939,0
3.678550136,N147T,0.84544153,0
3.67834098,M151L,0.84536722,0
3.678282804,I227F,0.845346551,0
3.678233456,F6C,0.845329018,0
3.678039682,I12L,0.845260173,0
3.67799349,A85V,0.845243761,0
3.677809112,F44C,0.845178255,0
3.677804877,H229L,0.84517675,0
3.677725327,E15V,0.845148487,0
3.677664562,K212M,0.845126898,0
3.677125823,K207S,0.844935492,0
3.67702457,H137R,0.844899518,0
3.67701165,D178Y,0.844894928,0
3.676465081,I121V,0.844700739,0
3.6764203,N168S,0.844684829,0
3.67631106,H75R,0.844646018,0
3.676241992,T184S,0.844621479,0
3.675965235,E170V,0.844523151,0
3.675833402,S206R,0.844476313,0
3.675762051,K156Q,0.844450963,0
3.675614251,P209A,0.844398451,0
3.67543276,S28F,0.84433397,0
3.675065981,R71H,0.844203659,0
3.674693293,F163V,0.844071248,0
3.674548271,Y37D,0.844019724,0
3.674405189,I165L,0.843968889,0
3.674257682,E88D,0.843916482,0
3.674055228,K24R,0.843844553,0
3.673904691,D131G,0.843791069,0
3.673246125,I165T,0.84355709,0
3.673243091,N142I,0.843556012,0
3.672926189,K154Q,0.843443421,0
3.672855886,F221L,0.843418443,0
3.671659788,N196I,0.842993487,0
3.67136754,K154M,0.842889655,0
3.670928945,L62M,0.842733828,0
3.670910192,N168H,0.842727166,0
3.670909534,D34E,0.842726932,0
3.670807594,H179Q,0.842690714,0
3.670606256,V174L,0.842619182,0
3.670501162,M151R,0.842581843,0
3.670196483,T41N,0.842473595,0
3.669914916,K77T,0.842373558,0
3.669669095,M76L,0.842286221,0
3.66935027,D74G,0.842172947,0
3.669291161,K138Q,0.842151947,0
3.66914642,P190T,0.842100522,0
3.669135149,S203A,0.842096518,0
3.668900298,I186T,0.842013079,0
3.668452647,D127N,0.841854035,0
3.668336384,I45L,0.841812728,0
3.668222237,E93A,0.841772173,0
3.668135663,E15D,0.841741415,0
3.668027207,G226V,0.841702882,0
3.667836029,E32K,0.841634959,0
3.667278871,G187D,0.841437009,0
3.666979837,Q155P,0.841330766,0
3.666941421,G158C,0.841317117,0
3.66692175,G158S,0.841310129,0
3.666808308,D178H,0.841269824,0
3.666497839,L62V,0.841159519,0
3.666137207,D100E,0.841031392,0
3.666133774,T7P,0.841030172,0
3.665528605,F112L,0.840815164,0
3.665339144,E3D,0.840747851,0
3.665070843,N133S,0.840652528,0
3.664549998,G8R,0.840467479,0
3.663837774,N196Y,0.840214436,0
3.663654203,P87H,0.840149215,0
3.663462738,K50N,0.840081191,0
3.66331782,N196K,0.840029703,0
3.663311901,E140G,0.8400276,0
3.662933253,N162H,0.839893072,0
3.66286366,D74N,0.839868347,0
3.662800417,I186F,0.839845877,0
3.662576783,E140K,0.839766423,0
3.662550721,N162I,0.839757164,0
3.662321951,H23L,0.839675885,0
3.661708798,Y149H,0.83945804,0
3.661418079,N162S,0.839354752,0
3.661245246,K207R,0.839293347,0
3.660764762,P56A,0.839122638,0
3.660670678,K124M,0.839089211,0
3.660594221,I126N,0.839062047,0
3.660165408,E122A,0.838909696,0
3.659929025,D171H,0.838825712,0
3.65953785,N168Y,0.838686733,0
3.659479845,M151K,0.838666125,0
3.659295216,Y149F,0.838600529,0
3.659193525,G114D,0.838564399,0
3.659192201,T116K,0.838563929,0
3.659164553,V66L,0.838554106,0
3.659147928,H75C,0.8385482,0
3.658861236,D74A,0.838446342,0
3.658701352,T223N,0.838389537,0
3.658696356,G136A,0.838387762,0
3.65841132,F221I,0.838286493,0
3.658163182,D34N,0.838198333,0
3.65788542,F163Y,0.838099648,0
3.65771865,K207I,0.838040397,0
3.657681207,I134V,0.838027094,0
3.657129403,V161G,0.837831046,0
3.656480529,E93K,0.83760051,0
3.656356338,H167L,0.837556387,0
3.656250365,F97V,0.837518736,0
3.656006795,S145G,0.837432199,0
3.655754994,S84Y,0.837342738,0
3.655537742,L5Q,0.837265551,0
3.655239694,S206G,0.837159659,0
3.655229654,F112Y,0.837156092,0
3.655007784,E88V,0.837077265,0
3.654689546,V161M,0.836964199,0
3.654617253,S26G,0.836938515,0
3.654187071,R166L,0.836785677,0
3.65346246,Y143S,0.836528233,0
3.6534006,D74Y,0.836506255,0
3.653239622,K99M,0.836449062,0
3.653168362,E130K,0.836423744,0
3.653150516,I227N,0.836417404,0
3.653068328,F221S,0.836388204,0
3.653066231,L193Q,0.836387458,0
3.653063269,K105M,0.836386406,0
3.652843569,K105T,0.83630835,0
3.652773173,P56S,0.836283339,0
3.652676768,S173N,0.836249088,0
3.6525083,H75L,0.836189233,0
3.652492377,S26N,0.836183576,0
3.652381146,K50E,0.836144057,0
3.652339966,D17G,0.836129427,0
3.652128098,P73S,0.836054153,0
3.651259782,F69L,0.835745653,0
3.651158502,V9M,0.835709669,0
3.651143012,L135R,0.835704166,0
3.651045454,S145C,0.835669505,0
3.651014045,K1E,0.835658346,0
3.650921808,E30G,0.835625575,0
3.650773444,K39N,0.835572864,0
3.650594645,E170A,0.835509339,0
3.650504351,G8E,0.835477259,0
3.650243217,L176R,0.835384482,0
3.65009906,Y143H,0.835333265,0
3.649842426,F44V,0.835242086,0
3.649294271,V10L,0.835047334,0
3.649137599,E15A,0.834991671,0
3.649120439,K124E,0.834985574,0
3.648837051,D214E,0.834884891,0
3.648510987,G189D,0.834769045,0
3.647794629,G136E,0.834514533,0
3.647449066,K77M,0.834391759,0
3.645286506,L192P,0.833623432,0
3.645084087,D178G,0.833551516,0
3.644999205,F6L,0.833521358,0
3.644950754,E88A,0.833504144,0
3.644927932,N147Y,0.833496036,0
3.644676086,E233K,0.833406559,0
3.644143705,K129T,0.833217411,0
3.644054098,L176P,0.833185575,0
3.643609995,Y198S,0.833027791,0
3.643250523,S84F,0.832900076,0
3.642414177,Y141H,0.832602934,0
3.641801802,Y141C,0.832385366,0
3.641775235,L193R,0.832375927,0
3.641587822,E130G,0.832309342,0
3.641575891,Y149D,0.832305103,0
3.640383535,I159T,0.831881476,0
3.640215725,F81Y,0.831821855,0
3.639850363,D115V,0.831692047,0
3.639504657,A35S,0.831569223,0
3.63948833,A225V,0.831563422,0
3.639473735,Y149C,0.831558237,0
3.639133624,P194A,0.8314374,0
3.639109737,F128I,0.831428913,0
3.638573912,F97I,0.831238542,0
3.638260724,N133D,0.831127271,0
3.638205893,A225S,0.83110779,0
3.637844266,K1M,0.830979309,0
3.637691731,K105E,0.830925116,0
3.637395167,G226E,0.830819751,0
3.637084383,P209S,0.830709334,0
3.636765247,E93D,0.830595949,0
3.636531237,D131E,0.830512809,0
3.636363731,S203C,0.830453296,0
3.636033146,M216L,0.830335844,0
3.635367306,L5P,0.830099281,0
3.635209221,H146Y,0.830043115,0
3.635121697,E233A,0.830012019,0
3.634952945,T228I,0.829952064,0
3.634727458,K111Q,0.829871952,0
3.634370167,V148A,0.829745011,0
3.634296344,N183D,0.829718783,0
3.633808157,Y198H,0.829545337,0
3.633730307,R107C,0.829517678,0
3.633695225,E109A,0.829505214,0
3.633469554,H146Q,0.829425036,0
3.633382976,K129M,0.829394276,0
3.632641793,D188N,0.829130944,0
3.632484112,S200I,0.829074922,0
3.632129344,E140V,0.828948878,0
3.632121777,F82L,0.82894619,0
3.631143696,D131H,0.828598692,0
3.630865555,T201A,0.828499872,0
3.630512852,D17A,0.828374562,0
3.63006285,L58I,0.828214682,0
3.630061385,D100N,0.828214162,0
3.629841419,M76I,0.828136011,0
3.629827925,Y180N,0.828131217,0
3.629775204,K1T,0.828112486,0
3.629315348,A177T,0.827949105,0
3.628568135,V91A,0.827683631,0
3.627781556,R213C,0.827404171,0
3.627148536,N183T,0.827179268,0
3.626828684,E30A,0.827065629,0
3.626568785,D19A,0.82697329,0
3.626551908,K138E,0.826967294,0
3.626310078,G2D,0.826881375,0
3.626166326,T47N,0.826830302,0
3.62585329,T47S,0.826719085,0
3.625784157,I12V,0.826694523,0
3.625611438,I165M,0.826633158,0
3.625518465,K111M,0.826600126,0
3.624941482,N210I,0.826395133,0
3.624155349,K160Q,0.826115831,0
3.623780941,K129E,0.825982809,0
3.623710315,N142Y,0.825957716,0
3.623135889,K212T,0.825753631,0
3.622775326,I45F,0.825625528,0
3.622575021,T36I,0.825554362,0
3.622548885,T116S,0.825545077,0
3.622314293,K99N,0.825461729,0
3.621986538,C46S,0.825345283,0
3.621367104,D188A,0.825125207,0
3.621050562,T223I,0.825012744,0
3.620534071,F112C,0.824829242,0
3.620147725,D100A,0.824691978,0
3.619959846,S200G,0.824625228,0
3.618782374,Y198N,0.824206889,0
3.618651883,F128L,0.824160527,0
3.618606968,N21D,0.824144569,0
3.618565251,F69C,0.824129748,0
3.618185916,M86A,0.823994975,0
3.618182274,F163I,0.823993681,0
3.6180946,H79D,0.823962532,0
3.61802222,F25V,0.823936817,0
3.617984809,A204D,0.823923525,0
3.6177412,D178A,0.823836974,0
3.617578481,K24T,0.823779162,0
3.616562239,K43R,0.823418106,0
3.616238993,K77E,0.823303261,0
3.615431748,K207N,0.823016458,0
3.614389854,N147I,0.822646288,0
3.613707223,D171A,0.822403759,0
3.613459464,T106A,0.822315734,0
3.612540425,D171V,0.821989212,0
3.612315728,R213H,0.821909381,0
3.612090987,D232V,0.821829533,0
3.611943485,L5V,0.821777128,0
3.611289048,H167Y,0.821544616,0
3.610486716,V191E,0.821259558,0
3.610459347,K24M,0.821249835,0
3.610420994,V91L,0.821236208,0
3.610252406,T116A,0.821176311,0
3.610071378,I186S,0.821111995,0
3.609425252,S206N,0.820882435,0
3.609222816,M76V,0.820810513,0
3.608982397,D131V,0.820725095,0
3.608319957,E113A,0.82048974,0
3.608236929,T61A,0.820460241,0
3.607572159,G114C,0.820224058,0
3.607338137,S70I,0.820140913,0
3.607110113,Y141F,0.820059899,0
3.606977661,K207Q,0.820012841,0
3.606801159,R213L,0.819950132,0
3.606712172,Y141S,0.819918516,0
3.606649659,N157Y,0.819896306,0
3.605599471,F69I,0.819523189,0
3.605429312,V53M,0.819462734,0
3.6053126,Q67H,0.819421268,0
3.605068241,A204S,0.819334451,0
3.604916794,L193V,0.819280644,0
3.604241887,A177S,0.819040859,0
3.60285931,H75Q,0.818549649,0
3.602723893,N21S,0.818501537,0
3.602160137,M86I,0.818301243,0
3.601923332,A224T,0.818217109,0
3.601520227,F163L,0.818073892,0
3.600475539,V9L,0.817702729,0
3.600175785,L51M,0.81759623,0
3.600027402,T116I,0.817543512,0
3.599725065,M76R,0.817436096,0
3.59936332,Y149S,0.817307573,0
3.598409786,N133I,0.816968796,0
3.596295777,V66E,0.816217718,0
3.595530629,G158V,0.815945872,0
3.595032919,T57A,0.815769043,0
3.59480565,N196T,0.815688297,0
3.594431936,K207E,0.815555522,0
3.594091477,H146R,0.815434562,0
3.593728314,P11R,0.815305535,0
3.593225709,N147S,0.815126967,0
3.592853182,P209H,0.814994613,0
3.592509504,D195Y,0.814872509,0
3.592048423,G172S,0.814708693,0
3.59167815,F98Y,0.814577141,0
3.590814786,I45T,0.8142704,0
3.589101732,M76T,0.813661776,0
3.588986909,D131Y,0.813620981,0
3.58833177,Y180S,0.813388219,0
3.588078344,D127E,0.81329818,0
3.58796364,K24E,0.813257428,0
3.587261261,P185L,0.813007882,0
3.585932812,F6Y,0.812535903,0
3.585794366,L234M,0.812486715,0
3.585253434,V9G,0.81229453,0
3.584851654,S84T,0.812151783,0
3.584764546,D80N,0.812120835,0
3.584635006,G132D,0.812074811,0
3.584512225,E122G,0.812031189,0
3.584455968,D19H,0.812011201,0
3.583798881,G136W,0.811777748,0
3.583472449,R107H,0.811661771,0
3.582939153,D232N,0.811472299,0
3.582257777,D34V,0.811230215,0
3.582088691,R166S,0.811170141,0
3.581867589,S26I,0.811091587,0
3.581059965,R120S,0.81080465,0
3.580490711,K39Q,0.810602402,0
3.580093905,E93V,0.810461422,0
3.579756454,R120L,0.810341531,0
3.579282129,N144K,0.81017301,0
3.579076795,R120H,0.810100057,0
3.579055065,E32G,0.810092337,0
3.579044198,E211D,0.810088476,0
3.578753116,M86V,0.809985059,0
3.578570843,H79R,0.8099203,0
3.578396785,L193P,0.809858459,0
3.577659026,F82C,0.809596344,0
3.577537007,A224S,0.809552992,0
3.577325038,P194T,0.809477683,0
3.577045596,F6I,0.809378401,0
3.576650121,D100Y,0.809237894,0
3.576364137,S63T,0.809136288,0
3.576131155,K39T,0.809053513,0
3.575544086,K154I,0.808844936,0
3.575052132,H75P,0.808670151,0
3.574935932,I121L,0.808628867,0
3.574859345,A224V,0.808601657,0
3.573941617,I96L,0.808275601,0
3.573427638,P87S,0.808092992,0
3.572406361,N157I,0.807730146,0
3.571500488,H137L,0.807408302,0
3.569947894,H179Y,0.806856688,0
3.56965759,I134T,0.806753547,0
3.569626304,K105G,0.806742431,0
3.569183916,I165N,0.806585257,0
3.568414661,Y141N,0.806311952,0
3.567864564,A204G,0.80611651,0
3.567660222,F112I,0.80604391,0
3.567286359,K43M,0.805911082,0
3.56518829,V10M,0.805165668,0
3.564006835,G132R,0.804745913,0
3.563372143,K212Q,0.804520416,0
3.563304872,N21H,0.804496516,0
3.562430672,T47A,0.804185925,0
3.560092147,I169F,0.80335508,0
3.560082738,Y141D,0.803351737,0
3.559555244,K138V,0.803164326,0
3.559501838,K77N,0.803145352,0
3.559247069,V59L,0.803054836,0
3.557699354,V110A,0.802504955,0
3.556149445,P194L,0.801954294,0
3.556095868,T48A,0.801935259,0
3.554220551,G102S,0.801268985,0
3.553724962,Y143D,0.801092909,0
3.552674013,N133H,0.800719522,0
3.55224998,H137Y,0.800568869,0
3.552012681,V9K,0.80048456,0
3.55190794,G172C,0.800447347,0
3.551405179,R107S,0.800268723,0
3.550590541,K39E,0.799979294,0
3.550464319,V9E,0.799934449,0
3.547795791,A152V,0.798986359,0
3.547271709,C68S,0.79880016,0
3.546789371,E88K,0.798628792,0
3.546789324,T47I,0.798628775,0
3.546273099,D101G,0.798445368,0
3.545305437,F128C,0.798101571,0
3.544914835,N133T,0.797962796,0
3.544080473,R120C,0.797666359,0
3.543976941,N157H,0.797629575,0
3.543447479,M216I,0.797441465,0
3.542010201,Y90F,0.79693082,0
3.540904697,D131A,0.79653805,0
3.539371829,E109G,0.795993444,0
3.538777136,L199Q,0.795782158,0
3.536470391,D178V,0.794962604,0
3.533341786,P185H,0.793851055,0
3.532414298,H215N,0.793521531,0
3.531414426,P194S,0.793166291,0
3.530347836,D100H,0.792787347,0
3.529472883,A85P,0.792476488,0
3.528854034,H197Y,0.79225662,0
3.528793505,H179N,0.792235115,0
3.527729877,E15G,0.791857223,0
3.527429603,L135Q,0.79175054,0
3.527338385,N103D,0.791718131,0
3.526675911,G125C,0.791482764,0
3.525618783,V217A,0.791107181,0
3.523704042,N142H,0.790426901,0
3.519504939,E233D,0.788935019,0
3.519375444,D127V,0.788889011,0
3.518999648,I121T,0.788755496,0
3.515559497,F128V,0.787533259,0
3.514813717,V20L,0.787268294,0
3.514717291,I134M,0.787234035,0
3.514579697,F128Y,0.78718515,0
3.513970271,S84P,0.786968629,0
3.512854297,Q67P,0.786572139,0
3.511249545,T201S,0.786001994,0
3.510949033,F69Y,0.785895226,0
3.508899525,K212N,0.785167065,0
3.50638143,A85G,0.784272421,0
3.506022871,M76K,0.78414503,0
3.505433839,L139Q,0.783935756,0
3.505277144,G102A,0.783880084,0
3.50499129,C68Y,0.783778524,0
3.504464888,F163S,0.783591501,0
3.504383283,V222A,0.783562508,0
3.504034486,P87A,0.783438585,0
3.503823338,E220D,0.783363567,0
3.503790677,T61P,0.783351963,0
3.503790674,D131N,0.783351962,0
3.503168323,R213S,0.78313085,0
3.502958491,M86T,0.783056299,0
3.501338535,G22S,0.782480752,0
3.501182025,G114A,0.782425146,0
3.49952235,V91G,0.781835487,0
3.498629628,N168G,0.781518315,0
3.49795266,V148G,0.781277798,0
3.495897409,V91D,0.780547597,0
3.495613978,K50Q,0.780446898,0
3.493652687,F81I,0.779750079,0
3.493437316,M216T,0.77967356,0
3.491975366,N157V,0.77915415,0
3.488367726,E93G,0.777872407,0
3.486640963,V59A,0.777258912,0
3.485862179,K111E,0.776982221,0
3.485222327,N119K,0.776754891,0
3.484212262,D208N,0.776396029,0
3.482026836,D34K,0.775619578,0
3.479889093,M216V,0.774860068,0
3.4788399,I134F,0.774487305,0
3.474897255,P56H,0.773086539,0
3.474536595,G22D,0.772958401,0
3.473141593,A35D,0.772462777,0
3.472868349,L205P,0.772365697,0
3.469752011,D34A,0.771258506,0
3.46916071,Y72F,0.771048425,0
3.468950498,D208V,0.77097374,0
3.46855773,H23Y,0.770834195,0
3.468137678,C68G,0.770684956,0
3.461022444,F6V,0.768157014,0
3.45687079,G189A,0.76668199,0
3.455122035,F6S,0.766060682,0
3.45430435,K50G,0.765770171,0
3.441284674,G8V,0.761144464,0
3.439560836,I134N,0.760532008,0
3.439377399,F44I,0.760466836,0
3.435921585,Q175R,0.759239034,0
3.434497329,L40R,0.758733016,0
3.433716265,N21K,0.758455515,0
3.432221174,P11L,0.75792433,0
3.431633052,P52L,0.757715379,0
3.431563908,H146L,0.757690813,0
3.43106655,F69S,0.757514108,0
3.430233889,F163H,0.757218276,0
3.424929511,F98L,0.755333705,0
3.423668486,H179L,0.754885681,0
3.423575173,T106I,0.754852528,0
3.419292574,D214N,0.753330981,0
3.418540012,I165F,0.753063607,0
3.416622327,I150T,0.75238228,0
3.411717154,T201P,0.750639541,0
3.41102356,N119H,0.750393117,0
3.403473648,Y104C,0.74771074,0
3.39851462,I96T,0.745948868,0
3.395700768,G187A,0.744949146,0
3.394897028,I45N,0.744663588,0
3.392609973,H137P,0.74385103,0
3.391817209,V217D,0.743569372,0
3.386641063,V10A,0.741730361,0
3.38517282,D34G,0.741208715,0
3.380514652,I45S,0.739553733,0
3.380113266,G8W,0.739411127,0
3.370221709,I121A,0.735896796,0
3.363975591,P52A,0.733677639,0
3.35168732,G38S,0.72931179,0
3.347484869,L199H,0.727818718,0
3.347154855,P11H,0.727701469,0
3.346705615,F82S,0.72754186,0
3.346470873,V14F,0.72745846,0
3.346169446,D101N,0.727351367,0
3.343378025,V20A,0.726359615,0
3.342104292,G136V,0.725907075,0
3.340471545,F98I,0.725326983,0
3.339907056,T57I,0.725126428,0
3.339159237,L51R,0.724860739,0
3.3362894,I150F,0.723841126,0
3.334611078,T61I,0.723244842,0
3.332762945,K83M,0.722588227,0
3.328102774,I159F,0.720932534,0
3.326396259,H197L,0.720326233,0
3.324703424,N119I,0.719724793,0
3.323176968,G49D,0.719182464,0
3.317519286,K24G,0.71717237,0
3.314250526,P52T,0.716011026,0
3.306193949,G125S,0.713148638,0
3.304215615,F81L,0.712445764,0
3.303901102,P56L,0.712334022,0
3.300826757,T47P,0.71124175,0
3.296319134,D34Y,0.709640255,0
3.293115772,I12F,0.708502146,0
3.287355075,E113G,0.706455452,0
3.285691816,P11A,0.70586452,0
3.284240767,S63A,0.705348982,0
3.284122628,V222G,0.705307009,0
3.28031959,N21I,0.703955844,0
3.274134572,N119D,0.701758394,0
3.271640315,V27M,0.70087222,0
3.266479965,I12T,0.69903882,0
3.26338117,A224D,0.697937862,0
3.259384138,N119Y,0.696517773,0
3.259354908,L139P,0.696507388,0
3.259354761,V14A,0.696507336,0
3.25892139,S70N,0.696353365,0
3.256948921,V222E,0.695652575,0
3.256913155,K83R,0.695639868,0
3.25547008,I159S,0.695127164,0
3.254352112,F44S,0.694729965,0
3.253676531,Y90C,0.694489941,0
3.232789842,L51P,0.687069196,0
3.231967602,T48I,0.686777065,0
3.230488319,G22A,0.686251497,0
3.230196593,Q92H,0.686147851,0
3.218632692,L205Q,0.68203936,0
3.21655835,G49S,0.681302376,0
3.215612114,Q67L,0.680966192,0
3.210582137,H79P,0.679179112,0
3.208145573,Y198D,0.678313435,0
3.199391569,S203P,0.675203261,0
3.19918745,Q92L,0.675130741,0
3.199118856,F25I,0.67510637,0
3.19837053,L40Q,0.6748405,0
3.19599896,G33C,0.673997915,0
3.189059279,D19G,0.671532344,0
3.187859457,G22C,0.671106065,0
3.180764105,H146P,0.668585186,0
3.175414856,V27A,0.666684674,0
3.174362825,S63L,0.666310902,0
3.168603477,F98C,0.664264687,0
3.163154382,P11S,0.662328701,0
3.150899817,E220A,0.657974827,0
3.150415733,D100V,0.657802839,0
3.148905332,V53A,0.657266214,0
3.139319102,F81S,0.653860362,0
3.138933937,K43E,0.653723519,0
3.138123907,E220G,0.653435726,0
3.13739228,A108T,0.65317579,0
3.137354102,F112S,0.653162226,0
3.136994191,V59M,0.653034354,0
3.135107579,N21T,0.652364068,0
3.128055427,R107G,0.649858538,0
3.127432614,N183Y,0.649637261,0
3.126131399,Y90H,0.649174958,0
3.121514623,K83T,0.647534683,0
3.113624225,L42Q,0.644731336,0
3.098300913,F25L,0.639287179,0
3.085452718,L218Q,0.634722397,0
3.066445842,P52S,0.627969523,0
3.062813139,G33S,0.626678875,0
3.046431117,E211V,0.620858574,0
3.014761643,Y72C,0.609606857,0
3.006956394,I159G,0.606833762,0
2.91980608,Y104H,0.575870487,0
2.903395636,G49R,0.570040088,0
2.781961181,T61N,0.526896142,0
2.725740182,T223P,0.506921616,0
2.637184522,D214G,0.475459041,0
2.63582388,T41P,0.474975624,0
2.61387787,D208G,0.467178517,0
2.257588731,Y104N,0.34059402,0
2.168167019,L40P,0.308823749,0
1.882908725,E211G,0.207475507,0
1.765581575,K83E,0.165790829,0
1.755534339,L135P,0.162221188,0
1.75546733,Q67R,0.16219738,0
1.714010593,Q92P,0.147468387,0
1.701777712,L58R,0.143122218,0
1.661834664,C46R,0.128931017,0
1.660649125,H179P,0.128509812,0
1.642821775,M86R,0.122176006,0
1.641932147,M216R,0.121859934,0
1.64065702,M216K,0.121406899,0
1.618026649,A177P,0.113366648,0
1.600465875,V53E,0.107127553,0
1.580532793,R94C,0.100045611,0
1.566162896,Y90N,0.09494019,0
1.56469501,S203F,0.09441867,0
1.557991381,L58H,0.092036966,0
1.541464811,H197R,0.086165309,0
1.540820651,H215R,0.085936448,0
1.537835322,H197P,0.084875803,0
1.533242512,V14D,0.083244042,0
1.527666808,D80V,0.081263073,0
1.525844096,L58P,0.08061549,0
1.512310585,L199P,0.075807224,0
1.510938872,H215D,0.075319874,0
1.492187575,G31D,0.068657803,0
1.469552672,L205R,0.060615942,0
1.468407856,L16P,0.060209205,0
1.464886938,H167R,0.058958273,0
1.457782662,F98S,0.056434224,0
1.453403911,L123R,0.054878515,0
1.44235696,Q181L,0.05095369,0
1.440482731,S28P,0.050287803,0
1.422228233,Q92R,0.043802238,0
1.416921131,G65C,0.041916699,0
1.416784607,R107P,0.041868194,0
1.414353759,L16Q,0.041004548,0
1.401153624,C68R,0.036314727,0
1.394939823,T60I,0.034107051,0
1.388484238,H179R,0.031813473,0
1.385601557,Q181R,0.030789297,0
1.377463804,L62P,0.027898068,0
1.363703573,G89S,0.023009253,0
1.354910669,L13P,0.019885258,0
1.354189043,G29V,0.019628875,0
1.343387413,V110E,0.015791208,0
1.309476439,V59E,0.003743118,0
1.306520285,L123Q,0.002692838,0
1.304924208,S63P,0.002125775,0
1.304706482,L218P,0.00204842,0
1.304080347,L123P,0.001825963,0
1.303745294,I96F,0.001706923,0
1.302131469,F128S,0.001133554,0
1.301547057,G65V,0.000925921,0
1.301474542,E211K,0.000900157,0
1.301330574,V27E,0.000849007,0
1.301328515,W55R,0.000848276,0
1.301308316,G125D,0.0008411,0
1.301170793,V20E,0.00079224,0
1.301078492,I121F,0.000759446,0
1.301065186,Q182P,0.000754719,0
1.301064989,R94H,0.000754649,0
1.301063182,F25S,0.000754007,0
1.301061815,L199R,0.000753521,0
1.30103081,Y64N,0.000742506,0
1.301030776,G89A,0.000742493,0
1.301030748,G38D,0.000742484,0
1.301030736,V20G,0.000742479,0
1.301030698,T57P,0.000742466,0
1.301030664,R94P,0.000742454,0
1.30103051,Y64C,0.000742399,0
1.301030339,G18D,0.000742338,0
1.301030041,G31S,0.000742232,0
1.30103003,V53G,0.000742228,0
1.301030021,L42P,0.000742225,0
1.30103002,G33D,0.000742225,0
1.301030016,H215L,0.000742223,0
1.301030004,A108D,0.000742219,0
1.301029999,H167P,0.000742217,0
1.301029998,G31R,0.000742217,0
1.301029995,L42R,0.000742216,0
1.301029991,H215P,0.000742215,0
1.301029987,G65S,0.000742213,0
1.301029963,S70R,0.000742205,0
1.301029927,L51Q,0.000742192,0
1.301029853,M86K,0.000742166,0
1.301029113,L16R,0.000741903,0
1.300840972,G65D,0.000675059,0
1.298940928,Y64F,0,0
